FirstName,LastName,Email,PhoneNumber,DateOfBirth,LicenceId,TeamName,TeamLocationName
John,Doe,johndoe@example.com,123456789,1990-05-15,ABC123,TeamA,LocationA
Alice,Smith,alicesmith@example.com,987654321,1985-08-20,DEF456,TeamA,LocationA
Michael,Johnson,michaeljohnson@example.com,555666777,1988-11-10,GHI789,TeamA,LocationA
Emily,Brown,emilybrown@example.com,111222333,1995-02-25,JKL012,TeamA,LocationA
Daniel,Clark,danielclark@example.com,999888777,1983-04-30,MNO345,TeamA,LocationA
Jessica,Allen,jessicaallen@example.com,444555666,1992-07-05,PQR678,TeamA,LocationA
Matthew,Young,matthewyoung@example.com,333222111,1986-09-15,STU901,TeamA,LocationA
Emma,Adams,emmaadams@example.com,777888999,1998-12-20,VWX234,TeamA,LocationA
Olivia,Wilson,oliviawilson@example.com,666555444,1980-03-05,YZ0ABC,TeamA,LocationA
David,Wright,davidwright@example.com,222333444,1993-06-10,123DEF,TeamA,LocationA
